Film_Name,Total_Views
A Summer Dream,1149135
Chennai Express,1530617
Cosmic Drift,1554107
Crimson Tide,893340
Desert Trek,1173018
Digital Dawn,1322496
Distant Star,1673135
Dragon's Fury,1125847
Eternal Hope,1295249
Future City,1246780
Heartbreak Hotel,1605011
Kandy Dreams,1474757
Kochi Waves,811250
Lahore Nights,2012282
Love in the Frost,1664293
Midnight Train,1087320
Mirror Maze,1598126
Mountain Trail,1464802
Mumbai Saga,1581880
Seoul Heartbeat,1957158
Shadow Pact,631540
Silent Echoes,1446188
Sunset Vows,1659582
Taipei Secrets,1176235
Tech Singularity,1625744
The Green Line,811572
The King's Guard,1094658
The Last Samurai,983822
The Quantum Helix,1323284
The Warrior King,1670679
Tokyo Drift 2,1063102
Urban Chaos,582022
Unknown,0
